County Name,Most Recent Date,Total Count Confirmed,Total Count Deaths,COVID-19 Positive Patients,Suspected COVID-19 Positive Patients,ICU COVID-19 Positive Patients,ICU COVID-19 Suspected Patients
Los Angeles,4/1/20,3502,66,739,1332,335,220
San Bernardino,4/1/20,245,5,95,196,39,52
Orange,4/1/20,579,11,117,221,50,48
Riverside,4/1/20,306,11,85,182,29,47
Sacramento,4/1/20,299,8,53,138,20,33
San Diego,4/1/20,851,11,168,340,71,32
Ventura,4/1/20,154,5,22,96,5,23
Santa Clara,4/1/20,805,33,160,85,77,15
Alameda,4/1/20,287,8,52,76,27,15
Fresno,4/1/20,75,0,19,101,5,13
Contra Costa,4/1/20,267,3,31,42,12,12
San Joaquin,4/1/20,132,8,25,35,16,11
San Mateo,4/1/20,354,13,57,35,19,9
Kern,4/1/20,53,0,15,45,7,9
San Francisco,4/1/20,432,6,67,66,30,8
Santa Barbara,4/1/20,103,0,23,23,15,6
Stanislaus,4/1/20,29,0,25,39,10,6
San Luis Obispo,4/1/20,69,0,8,10,5,6
Monterey,4/1/20,47,2,13,16,4,4
Imperial,4/1/20,25,0,4,15,3,4
Tulare,4/1/20,43,1,4,12,3,4
Butte,4/1/20,6,0,5,33,2,4
Yuba,4/1/20,5,0,2,24,2,4
Nevada,4/1/20,15,0,36,54,0,4
El Dorado,4/1/20,14,0,14,8,1,3
Merced,4/1/20,7,0,3,15,0,3
Humboldt,4/1/20,19,0,1,9,0,3
Placer,4/1/20,52,2,25,28,6,2
Solano,4/1/20,57,0,14,18,5,2
Marin,4/1/20,87,1,9,19,4,2
Santa Cruz,4/1/20,44,1,2,12,2,2
Sonoma,4/1/20,60,1,5,18,1,2
Kings,4/1/20,3,0,2,6,1,2
Siskiyou,4/1/20,3,0,0,5,0,2
Yolo,4/1/20,22,1,3,3,1,1
Shasta,4/1/20,5,1,1,4,0,1
Napa,4/1/20,11,0,2,2,0,1
Colusa,4/1/20,1,0,0,1,0,1
Tehama,4/1/20,0,0,0,1,0,1
San Benito,4/1/20,14,1,2,0,2,0
Madera,4/1/20,17,1,1,3,1,0
Inyo,4/1/20,8,0,7,89,0,0
Lassen,4/1/20,0,0,0,7,0,0
Del Norte,4/1/20,0,0,0,5,0,0
Amador,4/1/20,1,0,0,3,0,0
Mendocino,4/1/20,4,0,0,2,0,0
Lake,4/1/20,0,0,0,2,0,0
Calaveras,4/1/20,3,0,0,1,0,0
Mono,4/1/20,12,1,0,0,0,0
Sutter,4/1/20,9,1,0,0,0,0
Plumas,4/1/20,1,0,0,0,0,0
Tuolumne,4/1/20,1,0,0,0,0,0
Mariposa,4/1/20,0,0,0,0,0,0
Trinity,4/1/20,0,0,0,0,0,0
Unassigned,4/1/20,50,1,,,,
Glenn,4/1/20,2,0,,,,
Alpine,4/1/20,1,0,,,,
Sierra,4/1/20,0,0,,,,
Modoc,4/1/20,,,0,1,0,0
Alameda,4/2/20,345,10,57,76,29,17
Alpine,4/2/20,1,0,,,,
Amador,4/2/20,2,0,0,3,0,0
Butte,4/2/20,7,0,4,26,2,2
Calaveras,4/2/20,3,0,0,1,0,0
Colusa,4/2/20,1,0,0,1,0,1
Contra Costa,4/2/20,297,3,32,38,13,10
Del Norte,4/2/20,0,0,0,3,0,0
El Dorado,4/2/20,16,0,15,12,0,6
Fresno,4/2/20,92,0,17,74,6,13
Glenn,4/2/20,2,0,0,0,0,0
Humboldt,4/2/20,23,0,1,8,0,2
Imperial,4/2/20,24,0,4,16,3,5
Inyo,4/2/20,8,0,8,102,0,1
Kern,4/2/20,74,0,27,77,12,23
Kings,4/2/20,3,0,2,6,1,1
Lake,4/2/20,0,0,0,1,0,0
Lassen,4/2/20,0,0,0,7,0,0
Los Angeles,4/2/20,4040,79,818,1270,346,193
Madera,4/2/20,25,1,1,7,1,3
Marin,4/2/20,102,1,7,16,3,1
Mariposa,4/2/20,0,0,0,1,0,0
Mendocino,4/2/20,4,0,0,1,0,0
Merced,4/2/20,9,0,4,5,0,1
Mono,4/2/20,16,1,18,2,0,0
Monterey,4/2/20,50,2,14,14,4,2
Napa,4/2/20,13,0,1,4,1,1
Nevada,4/2/20,17,0,38,58,2,1
Orange,4/2/20,640,12,129,225,67,47
Placer,4/2/20,72,2,32,15,9,0
Plumas,4/2/20,1,0,0,0,0,0
Riverside,4/2/20,438,13,136,181,45,49
Sacramento,4/2/20,322,9,71,92,24,19
San Benito,4/2/20,18,1,2,0,2,0
San Bernardino,4/2/20,335,8,126,185,50,45
San Diego,4/2/20,968,16,144,343,69,35
San Francisco,4/2/20,473,6,75,60,32,11
San Joaquin,4/2/20,148,9,42,42,20,7
San Luis Obispo,4/2/20,79,0,5,5,4,4
San Mateo,4/2/20,423,13,62,40,26,4
Santa Barbara,4/2/20,125,1,26,44,18,10
Santa Clara,4/2/20,908,38,163,101,69,19
Santa Cruz,4/2/20,49,1,4,4,3,0
Shasta,4/2/20,7,1,2,4,1,0
Sierra,4/2/20,0,0,,,,
Siskiyou,4/2/20,3,0,0,3,0,2
Solano,4/2/20,65,0,15,8,7,1
Sonoma,4/2/20,76,1,8,18,1,0
Stanislaus,4/2/20,40,0,30,43,11,7
Sutter,4/2/20,10,1,0,0,,
Tehama,4/2/20,1,0,0,1,0,1
Trinity,4/2/20,0,0,0,0,0,0
Tulare,4/2/20,64,1,4,26,4,5
Tuolumne,4/2/20,1,0,0,0,0,0
Unassigned,4/2/20,49,1,,,,
Ventura,4/2/20,178,5,27,111,7,24
Yolo,4/2/20,29,1,3,2,2,3
Yuba,4/2/20,5,0,2,25,2,6
Alameda,4/3/20,395,11,64,74,32,13
Alpine,4/3/20,1,0,,,,
Amador,4/3/20,2,0,0,0,0,0
Butte,4/3/20,8,0,3,19,2,6
Calaveras,4/3/20,3,0,0,1,0,0
Colusa,4/3/20,1,0,1,0,1,0
Contra Costa,4/3/20,327,5,31,39,15,10
Del Norte,4/3/20,1,0,0,2,0,0
El Dorado,4/3/20,16,0,15,9,0,4
Fresno,4/3/20,98,1,15,81,7,16
Glenn,4/3/20,2,0,0,0,0,0
Humboldt,4/3/20,34,0,1,7,0,0
Imperial,4/3/20,35,0,9,7,7,0
Inyo,4/3/20,10,0,8,102,1,2
Kern,4/3/20,87,1,35,73,12,16
Kings,4/3/20,3,0,0,3,1,0
Lake,4/3/20,0,0,0,2,0,1
Lassen,4/3/20,0,0,0,3,0,0
Los Angeles,4/3/20,4566,91,962,1239,422,209
Madera,4/3/20,28,2,0,5,0,1
Marin,4/3/20,106,6,6,16,3,5
Mariposa,4/3/20,0,0,0,2,0,0
Mendocino,4/3/20,4,0,0,5,0,1
Merced,4/3/20,9,0,4,5,1,1
Modoc,4/3/20,0,0,0,0,0,0
Mono,4/3/20,18,1,18,2,0,0
Monterey,4/3/20,58,2,16,18,3,1
Napa,4/3/20,13,1,1,9,0,1
Nevada,4/3/20,19,1,2,4,2,1
Orange,4/3/20,713,13,131,182,66,36
Placer,4/3/20,76,2,21,23,10,1
Plumas,4/3/20,2,0,0,0,0,0
Riverside,4/3/20,540,14,105,182,44,59
Sacramento,4/3/20,363,11,77,76,28,17
San Benito,4/3/20,22,1,2,0,2,0
San Bernardino,4/3/20,356,11,118,204,44,53
San Diego,4/3/20,1114,17,171,308,84,28
San Francisco,4/3/20,506,6,80,71,39,8
San Joaquin,4/3/20,162,10,41,38,18,8
San Luis Obispo,4/3/20,82,0,4,5,3,2
San Mateo,4/3/20,474,13,65,39,26,4
Santa Barbara,4/3/20,154,1,27,29,18,4
Santa Clara,4/3/20,983,39,164,83,71,17
Santa Cruz,4/3/20,52,1,4,8,3,0
Shasta,4/3/20,10,1,2,9,1,3
Sierra,4/3/20,0,0,,,,
Siskiyou,4/3/20,3,0,0,3,0,1
Solano,4/3/20,72,1,16,21,7,5
Sonoma,4/3/20,84,1,6,24,2,3
Stanislaus,4/3/20,48,0,28,45,12,8
Sutter,4/3/20,12,1,0,0,,
Tehama,4/3/20,1,0,0,0,0,0
Trinity,4/3/20,0,0,0,0,0,0
Tulare,4/3/20,73,3,6,15,5,2
Tuolumne,4/3/20,1,0,0,0,0,0
Unassigned,4/3/20,54,1,,,,
Ventura,4/3/20,186,6,22,116,6,28
Yolo,4/3/20,33,1,2,7,3,6
Yuba,4/3/20,6,0,2,12,2,2
Alameda,4/4/20,468,12,60,95,35,18
Alpine,4/4/20,1,0,,,,
Amador,4/4/20,2,0,0,0,0,0
Butte,4/4/20,10,0,3,14,1,4
Calaveras,4/4/20,3,0,0,1,0,0
Colusa,4/4/20,1,0,1,0,1,0
Contra Costa,4/4/20,382,5,30,47,12,7
Del Norte,4/4/20,1,0,0,2,0,0
El Dorado,4/4/20,19,0,15,9,0,3
Fresno,4/4/20,102,1,14,93,7,20
Glenn,4/4/20,2,0,0,0,0,0
Humboldt,4/4/20,29,0,1,4,0,0
Imperial,4/4/20,42,1,9,10,5,2
Inyo,4/4/20,10,0,8,106,1,1
Kern,4/4/20,103,2,33,54,14,11
Kings,4/4/20,3,0,1,9,1,0
Lake,4/4/20,0,0,0,4,0,1
Lassen,4/4/20,0,0,0,0,0,0
Los Angeles,4/4/20,5275,117,1007,1190,449,181
Madera,4/4/20,27,2,0,4,0,0
Marin,4/4/20,111,6,5,16,3,5
Mariposa,4/4/20,0,0,0,2,0,0
Mendocino,4/4/20,4,0,0,3,0,1
Merced,4/4/20,11,0,5,14,1,1
Modoc,4/4/20,0,0,0,0,0,0
Mono,4/4/20,18,1,20,2,0,0
Monterey,4/4/20,61,2,16,25,4,2
Napa,4/4/20,15,2,1,8,0,1
Nevada,4/4/20,19,1,2,6,2,2
Orange,4/4/20,781,15,143,213,70,45
Placer,4/4/20,87,2,23,14,10,1
Plumas,4/4/20,2,0,0,0,0,0
Riverside,4/4/20,652,15,126,186,39,56
Sacramento,4/4/20,393,11,69,76,25,18
San Benito,4/4/20,22,1,2,3,2,0
San Bernardino,4/4/20,373,13,138,254,51,66
San Diego,4/4/20,1211,18,177,218,86,19
San Francisco,4/4/20,537,6,80,65,37,7
San Joaquin,4/4/20,171,10,43,30,16,7
San Luis Obispo,4/4/20,82,0,4,6,3,3
San Mateo,4/4/20,520,17,66,19,25,6
Santa Barbara,4/4/20,167,1,28,34,18,2
Santa Clara,4/4/20,1045,39,159,79,72,19
Santa Cruz,4/4/20,56,1,4,6,3,0
Shasta,4/4/20,11,2,2,10,4,0
Sierra,4/4/20,0,0,,,,
Siskiyou,4/4/20,3,0,0,2,0,1
Solano,4/4/20,79,1,16,19,7,2
Sonoma,4/4/20,88,1,7,16,2,6
Stanislaus,4/4/20,51,0,30,45,12,9
Sutter,4/4/20,14,1,0,0,,
Tehama,4/4/20,1,0,0,1,0,0
Trinity,4/4/20,0,0,0,0,0,0
Tulare,4/4/20,79,4,8,20,5,1
Tuolumne,4/4/20,1,0,0,1,0,1
Unassigned,4/4/20,52,1,,,,
Ventura,4/4/20,194,6,21,127,7,25
Yolo,4/4/20,40,2,4,5,3,3
Yuba,4/4/20,7,0,2,16,2,2
Alameda,4/5/20,475,12,72,87,39,13
Alpine,4/5/20,1,0,,,,
Amador,4/5/20,2,0,0,0,0,0
Butte,4/5/20,10,0,2,16,1,6
Calaveras,4/5/20,3,0,0,0,0,0
Colusa,4/5/20,1,0,1,0,1,0
Contra Costa,4/5/20,415,6,29,35,15,10
Del Norte,4/5/20,1,0,0,1,0,0
El Dorado,4/5/20,19,0,16,6,0,3
Fresno,4/5/20,102,1,16,81,8,15
Glenn,4/5/20,2,0,0,0,0,0
Humboldt,4/5/20,29,0,2,3,0,0
Imperial,4/5/20,42,1,9,9,8,1
Inyo,4/5/20,10,0,9,106,1,0
Kern,4/5/20,109,2,23,27,12,4
Kings,4/5/20,4,0,3,1,2,0
Lake,4/5/20,0,0,0,4,0,2
Lassen,4/5/20,0,0,0,0,0,0
Los Angeles,4/5/20,5892,130,1094,1082,473,166
Madera,4/5/20,27,2,0,1,0,0
Marin,4/5/20,113,6,5,15,3,5
Mariposa,4/5/20,0,0,0,2,0,0
Mendocino,4/5/20,4,0,0,3,0,2
Merced,4/5/20,16,0,15,10,1,3
Modoc,4/5/20,0,0,0,0,0,0
Mono,4/5/20,18,1,20,2,0,0
Monterey,4/5/20,61,2,16,15,4,0
Napa,4/5/20,15,2,1,8,0,1
Nevada,4/5/20,19,1,2,4,2,1
Orange,4/5/20,820,15,144,221,70,46
Placer,4/5/20,86,3,23,13,10,1
Plumas,4/5/20,2,0,0,0,0,0
Riverside,4/5/20,669,17,129,207,47,60
Sacramento,4/5/20,393,11,64,78,23,26
San Benito,4/5/20,22,1,3,0,2,0
San Bernardino,4/5/20,375,13,146,240,59,54
San Diego,4/5/20,1328,19,179,220,89,31
San Francisco,4/5/20,559,6,79,68,37,11
San Joaquin,4/5/20,179,10,46,24,17,4
San Luis Obispo,4/5/20,83,1,2,11,2,9
San Mateo,4/5/20,528,19,69,15,24,6
Santa Barbara,4/5/20,171,1,31,26,18,2
Santa Clara,4/5/20,1052,42,166,69,68,18
Santa Cruz,4/5/20,59,1,5,12,4,4
Shasta,4/5/20,11,2,8,11,4,0
Sierra,4/5/20,0,0,,,,
Siskiyou,4/5/20,3,0,0,2,0,2
Solano,4/5/20,78,1,15,17,6,24
Sonoma,4/5/20,88,1,6,21,2,6
Stanislaus,4/5/20,51,0,30,25,14,5
Sutter,4/5/20,14,1,0,0,0,0
Tehama,4/5/20,1,0,0,1,0,0
Trinity,4/5/20,0,0,0,0,0,0
Tulare,4/5/20,81,4,4,20,8,2
Tuolumne,4/5/20,1,0,0,0,0,0
Unassigned,4/5/20,52,1,,,,
Ventura,4/5/20,196,6,21,128,7,28
Yolo,4/5/20,37,2,3,6,3,3
Yuba,4/5/20,7,0,1,14,1,1
Alameda,4/6/20,527,13,79,70,43,19
Alpine,4/6/20,1,0,,,,
Amador,4/6/20,2,0,0,0,0,0
Butte,4/6/20,11,0,1,15,1,5
Calaveras,4/6/20,4,0,0,0,0,0
Colusa,4/6/20,1,0,0,0,0,0
Contra Costa,4/6/20,447,7,30,28,15,11
Del Norte,4/6/20,2,0,0,3,0,0
El Dorado,4/6/20,23,0,16,1,0,0
Fresno,4/6/20,122,1,18,81,11,20
Glenn,4/6/20,2,0,0,0,0,0
Humboldt,4/6/20,37,0,3,12,0,3
Imperial,4/6/20,47,1,9,14,7,2
Inyo,4/6/20,11,0,9,114,1,0
Kern,4/6/20,117,2,24,36,12,5
Kings,4/6/20,3,0,3,3,2,0
Lake,4/6/20,1,0,0,8,0,2
Lassen,4/6/20,0,0,0,0,0,0
Los Angeles,4/6/20,6346,145,1166,1070,486,175
Madera,4/6/20,29,2,0,2,0,1
Marin,4/6/20,119,7,8,8,4,4
Mariposa,4/6/20,0,0,0,3,0,0
Mendocino,4/6/20,4,0,0,2,0,2
Merced,4/6/20,25,1,4,2,0,2
Modoc,4/6/20,0,0,0,0,0,0
Mono,4/6/20,18,1,20,2,0,0
Monterey,4/6/20,62,2,16,15,5,1
Napa,4/6/20,18,2,0,7,0,0
Nevada,4/6/20,19,1,1,5,1,2
Orange,4/6/20,910,17,145,171,73,33
Placer,4/6/20,90,3,20,12,10,1
Plumas,4/6/20,2,0,0,0,0,0
Riverside,4/6/20,854,17,129,193,46,65
Sacramento,4/6/20,448,15,77,78,26,19
San Benito,4/6/20,25,1,3,3,2,0
San Bernardino,4/6/20,550,13,148,185,60,43
San Diego,4/6/20,1406,19,187,224,83,25
San Francisco,4/6/20,586,6,80,71,34,9
San Joaquin,4/6/20,191,10,31,32,14,3
San Luis Obispo,4/6/20,85,1,2,3,2,2
San Mateo,4/6/20,569,20,68,20,25,5
Santa Barbara,4/6/20,189,2,34,26,19,5
Santa Clara,4/6/20,1128,43,181,49,79,10
Santa Cruz,4/6/20,65,1,5,9,4,2
Shasta,4/6/20,16,3,6,3,2,2
Sierra,4/6/20,0,0,,,,
Siskiyou,4/6/20,4,0,0,0,0,0
Solano,4/6/20,95,1,15,21,6,6
Sonoma,4/6/20,102,1,6,18,2,4
Stanislaus,4/6/20,72,0,28,28,12,4
Sutter,4/6/20,14,2,0,0,,
Tehama,4/6/20,1,0,0,0,0,0
Trinity,4/6/20,0,0,0,0,0,0
Tulare,4/6/20,126,5,12,24,8,3
Tuolumne,4/6/20,1,0,0,0,0,0
Unassigned,4/6/20,53,2,,,,
Ventura,4/6/20,234,6,22,106,9,20
Yolo,4/6/20,43,1,4,0,3,4
Yuba,4/6/20,8,0,1,19,1,3
Alameda,4/7/20,560,14,76,84,43,25
Alpine,4/7/20,1,0,,,,
Amador,4/7/20,2,0,0,0,0,0
Butte,4/7/20,11,0,1,14,1,5
Calaveras,4/7/20,5,0,0,1,0,0
Colusa,4/7/20,2,0,0,0,0,0
Contra Costa,4/7/20,471,7,31,38,17,9
Del Norte,4/7/20,2,0,0,3,0,1
El Dorado,4/7/20,22,0,16,2,0,3
Fresno,4/7/20,138,3,20,82,11,13
Glenn,4/7/20,2,0,0,0,0,0
Humboldt,4/7/20,40,0,2,7,0,0
Imperial,4/7/20,53,2,9,14,7,2
Inyo,4/7/20,11,0,9,121,1,0
Kern,4/7/20,134,2,28,91,14,13
Kings,4/7/20,5,0,3,4,2,0
Lake,4/7/20,1,0,0,0,0,0
Lassen,4/7/20,0,0,0,1,0,0
Los Angeles,4/7/20,6885,170,1251,1350,517,162
Madera,4/7/20,28,2,0,3,0,1
Marin,4/7/20,122,7,6,5,4,4
Mariposa,4/7/20,0,0,0,3,0,0
Mendocino,4/7/20,4,0,0,2,0,0
Merced,4/7/20,27,1,3,3,0,3
Modoc,4/7/20,0,0,0,1,0,0
Mono,4/7/20,18,1,20,2,0,0
Monterey,4/7/20,63,2,18,25,5,4
Napa,4/7/20,18,2,0,5,0,3
Nevada,4/7/20,20,1,1,4,1,2
Orange,4/7/20,971,19,143,144,71,29
Placer,4/7/20,94,3,19,18,9,3
Plumas,4/7/20,3,0,0,1,0,0
Riverside,4/7/20,905,25,129,207,57,57
Sacramento,4/7/20,513,18,74,91,28,18
San Benito,4/7/20,26,2,3,3,2,0
San Bernardino,4/7/20,554,18,146,178,54,49
San Diego,4/7/20,1456,31,203,124,87,29
San Francisco,4/7/20,636,6,88,116,36,9
San Joaquin,4/7/20,198,12,31,33,14,4
San Luis Obispo,4/7/20,87,1,2,5,2,4
San Mateo,4/7/20,573,22,63,13,26,2
Santa Barbara,4/7/20,209,2,41,8,23,1
Santa Clara,4/7/20,1193,46,187,47,77,7
Santa Cruz,4/7/20,67,1,4,4,4,3
Shasta,4/7/20,16,3,5,8,2,3
Sierra,4/7/20,0,0,,,,
Siskiyou,4/7/20,4,0,0,1,0,1
Solano,4/7/20,99,1,14,24,7,6
Sonoma,4/7/20,102,1,6,28,2,6
Stanislaus,4/7/20,83,0,28,40,13,9
Sutter,4/7/20,16,2,0,0,,
Tehama,4/7/20,1,0,0,1,0,0
Trinity,4/7/20,0,0,0,0,0,0
Tulare,4/7/20,144,5,8,23,5,6
Tuolumne,4/7/20,1,0,0,0,0,0
Unassigned,4/7/20,53,2,,,,
Ventura,4/7/20,247,6,22,68,9,20
Yolo,4/7/20,51,2,2,3,2,1
Yuba,4/7/20,10,0,2,25,1,5
Alameda,4/8/20,594,15,84,69,45,18
Alpine,4/8/20,1,0,,,,
Amador,4/8/20,2,0,0,0,0,0
Butte,4/8/20,11,0,1,15,1,7
Calaveras,4/8/20,5,0,0,2,0,0
Colusa,4/8/20,3,0,0,0,0,0
Contra Costa,4/8/20,481,7,35,50,18,13
Del Norte,4/8/20,2,0,0,2,0,1
El Dorado,4/8/20,25,0,16,3,0,1
Fresno,4/8/20,151,3,22,63,10,8
Glenn,4/8/20,2,0,0,0,0,0
Humboldt,4/8/20,40,0,2,3,0,0
Imperial,4/8/20,59,2,16,7,8,3
Inyo,4/8/20,11,0,9,128,1,1
Kern,4/8/20,198,2,31,57,16,3
Kings,4/8/20,5,0,2,8,1,1
Lake,4/8/20,1,0,0,0,0,1
Lassen,4/8/20,0,0,0,1,0,0
Los Angeles,4/8/20,7505,196,1331,1077,532,211
Madera,4/8/20,28,2,0,6,0,1
Marin,4/8/20,125,7,5,3,4,2
Mariposa,4/8/20,0,0,0,0,0,0
Mendocino,4/8/20,4,0,0,0,0,0
Merced,4/8/20,35,1,1,1,0,2
Modoc,4/8/20,0,0,0,0,0,0
Mono,4/8/20,19,1,19,8,0,0
Monterey,4/8/20,68,3,18,24,5,0
Napa,4/8/20,21,2,0,7,0,1
Nevada,4/8/20,21,1,2,7,2,2
Orange,4/8/20,1034,19,153,181,49,34
Placer,4/8/20,102,4,18,15,10,2
Plumas,4/8/20,3,0,0,1,0,0
Riverside,4/8/20,974,28,149,145,56,41
Sacramento,4/8/20,565,21,76,81,28,12
San Benito,4/8/20,31,2,2,0,1,0
San Bernardino,4/8/20,635,22,132,301,51,53
San Diego,4/8/20,1532,36,225,103,92,24
San Francisco,4/8/20,687,7,90,116,36,17
San Joaquin,4/8/20,211,12,32,19,11,8
San Luis Obispo,4/8/20,90,1,2,13,2,11
San Mateo,4/8/20,608,22,66,20,25,2
Santa Barbara,4/8/20,221,2,42,18,19,1
Santa Clara,4/8/20,1257,47,156,34,70,6
Santa Cruz,4/8/20,69,1,4,9,3,4
Shasta,4/8/20,18,3,4,5,2,2
Sierra,4/8/20,0,0,,,,
Siskiyou,4/8/20,4,0,0,3,0,1
Solano,4/8/20,111,2,15,19,8,2
Sonoma,4/8/20,107,1,6,22,2,5
Stanislaus,4/8/20,86,0,30,35,11,5
Sutter,4/8/20,17,2,0,0,,
Tehama,4/8/20,1,0,0,2,0,0
Trinity,4/8/20,0,0,0,0,0,0
Tulare,4/8/20,145,6,7,16,2,5
Tuolumne,4/8/20,0,0,0,0,0,0
Unassigned,4/8/20,55,2,,,,
Ventura,4/8/20,263,7,18,73,9,14
Yolo,4/8/20,56,3,2,7,1,2
Yuba,4/8/20,10,0,2,24,1,3
Alameda,4/9/20,641,17,80,76,44,18
Alpine,4/9/20,1,0,0,0,0,0
Amador,4/9/20,2,0,0,0,0,0
Butte,4/9/20,12,0,1,14,1,4
Calaveras,4/9/20,5,0,0,0,0,0
Colusa,4/9/20,3,0,0,0,0,1
Contra Costa,4/9/20,505,7,37,64,18,12
Del Norte,4/9/20,2,0,0,2,0,0
El Dorado,4/9/20,25,0,17,3,0,1
Fresno,4/9/20,165,3,25,41,10,9
Glenn,4/9/20,2,0,0,0,0,0
Humboldt,4/9/20,36,0,2,6,0,2
Imperial,4/9/20,67,2,14,10,7,3
Inyo,4/9/20,11,0,9,135,1,0
Kern,4/9/20,241,2,27,35,16,9
Kings,4/9/20,5,0,6,6,3,0
Lake,4/9/20,1,0,0,0,0,1
Lassen,4/9/20,0,0,0,2,0,0
Los Angeles,4/9/20,7919,220,1368,758,541,156
Madera,4/9/20,28,2,0,3,0,2
Marin,4/9/20,126,7,5,7,2,1
Mariposa,4/9/20,0,0,0,0,0,0
Mendocino,4/9/20,4,0,0,0,0,0
Merced,4/9/20,41,3,1,7,0,2
Modoc,4/9/20,0,0,0,0,0,0
Mono,4/9/20,19,1,18,15,0,0
Monterey,4/9/20,70,3,17,26,5,0
Napa,4/9/20,27,2,0,7,0,0
Nevada,4/9/20,23,1,2,4,2,1
Orange,4/9/20,1105,19,146,117,45,29
Placer,4/9/20,107,4,18,12,9,1
Plumas,4/9/20,3,0,0,1,0,0
Riverside,4/9/20,1083,29,201,159,59,34
Sacramento,4/9/20,601,21,74,60,31,11
San Benito,4/9/20,32,2,2,1,1,0
San Bernardino,4/9/20,717,27,136,269,56,41
San Diego,4/9/20,1630,40,227,124,98,18
San Francisco,4/9/20,748,8,88,64,33,13
San Joaquin,4/9/20,223,14,29,18,12,7
San Luis Obispo,4/9/20,93,1,2,10,2,8
San Mateo,4/9/20,630,23,58,14,18,2
Santa Barbara,4/9/20,232,2,40,18,20,2
Santa Clara,4/9/20,1301,49,158,65,70,17
Santa Cruz,4/9/20,73,1,4,14,2,5
Shasta,4/9/20,22,3,5,7,2,1
Sierra,4/9/20,0,0,0,0,0,0
Siskiyou,4/9/20,4,0,0,2,0,0
Solano,4/9/20,118,2,14,9,8,0
Sonoma,4/9/20,113,1,5,21,2,4
Stanislaus,4/9/20,93,0,28,30,11,7
Sutter,4/9/20,17,2,0,0,0,0
Tehama,4/9/20,1,0,0,1,0,1
Trinity,4/9/20,0,0,0,0,0,0
Tulare,4/9/20,147,9,10,11,5,4
Tuolumne,4/9/20,0,0,0,0,0,0
Unassigned,4/9/20,53,2,0,0,0,0
Ventura,4/9/20,273,9,18,69,8,13
Yolo,4/9/20,59,3,2,4,1,2
Yuba,4/9/20,13,0,3,18,2,4
Alameda,4/10/20,706,26,93,71,45,26
Alpine,4/10/20,1,0,0,0,0,0
Amador,4/10/20,5,0,0,0,0,0
Butte,4/10/20,13,0,1,15,1,5
Calaveras,4/10/20,5,0,0,0,0,0
Colusa,4/10/20,3,0,0,0,0,0
Contra Costa,4/10/20,537,9,42,30,17,6
Del Norte,4/10/20,2,0,0,3,0,0
El Dorado,4/10/20,26,0,17,1,0,1
Fresno,4/10/20,186,4,27,41,11,9
Glenn,4/10/20,3,0,0,0,0,0
Humboldt,4/10/20,36,0,2,10,0,3
Imperial,4/10/20,70,3,14,12,8,3
Inyo,4/10/20,11,0,9,135,1,0
Kern,4/10/20,272,3,33,38,15,5
Kings,4/10/20,7,0,8,0,3,0
Lake,4/10/20,3,0,0,1,0,0
Lassen,4/10/20,0,0,0,2,0,0
Los Angeles,4/10/20,8384,241,1299,754,514,142
Madera,4/10/20,29,2,0,5,0,1
Marin,4/10/20,128,10,6,26,1,1
Mariposa,4/10/20,0,0,0,0,0,0
Mendocino,4/10/20,4,0,0,1,0,1
Merced,4/10/20,56,3,0,2,0,1
Modoc,4/10/20,0,0,0,0,0,0
Mono,4/10/20,20,1,0,3,0,0
Monterey,4/10/20,78,3,18,21,5,1
Napa,4/10/20,28,2,0,7,0,4
Nevada,4/10/20,23,1,3,3,2,1
Orange,4/10/20,1167,17,139,129,69,25
Placer,4/10/20,112,7,16,11,9,3
Plumas,4/10/20,3,0,0,0,0,0
Riverside,4/10/20,1162,38,206,141,57,34
Sacramento,4/10/20,642,24,70,45,30,13
San Benito,4/10/20,32,2,2,1,1,0
San Bernardino,4/10/20,779,24,156,295,66,58
San Diego,4/10/20,1695,54,230,124,96,14
San Francisco,4/10/20,797,12,85,46,32,12
San Joaquin,4/10/20,234,14,26,17,14,5
San Luis Obispo,4/10/20,97,1,2,3,2,3
San Mateo,4/10/20,642,21,56,12,18,3
Santa Barbara,4/10/20,254,2,42,13,19,1
Santa Clara,4/10/20,1351,52,151,44,67,5
Santa Cruz,4/10/20,75,1,4,11,3,5
Shasta,4/10/20,24,3,5,7,2,1
Sierra,4/10/20,0,0,0,0,0,0
Siskiyou,4/10/20,5,0,0,0,0,0
Solano,4/10/20,129,2,18,9,9,3
Sonoma,4/10/20,129,2,4,18,1,6
Stanislaus,4/10/20,101,0,27,17,11,3
Sutter,4/10/20,18,2,0,0,0,0
Tehama,4/10/20,1,0,0,1,0,0
Trinity,4/10/20,0,0,0,0,0,0
Tulare,4/10/20,163,11,11,10,6,1
Tuolumne,4/10/20,0,0,0,0,0,1
Unassigned,4/10/20,2,0,0,0,0,0
Ventura,4/10/20,290,9,19,76,8,13
Yolo,4/10/20,62,2,3,2,1,1
Yuba,4/10/20,13,1,2,8,1,0
Alameda,4/11/20,751,26,87,91,46,19
Alpine,4/11/20,1,0,0,0,0,0
Amador,4/11/20,6,0,0,0,0,0
Butte,4/11/20,13,0,2,4,1,1
Calaveras,4/11/20,5,0,0,1,0,1
Colusa,4/11/20,3,0,0,0,0,0
Contra Costa,4/11/20,550,12,39,38,15,15
Del Norte,4/11/20,2,0,0,2,0,1
El Dorado,4/11/20,29,0,17,2,0,1
Fresno,4/11/20,201,4,28,63,11,8
Glenn,4/11/20,3,0,0,0,0,0
Humboldt,4/11/20,38,0,2,5,0,3
Imperial,4/11/20,78,3,14,11,7,3
Inyo,4/11/20,12,0,10,140,1,0
Kern,4/11/20,304,3,32,52,17,4
Kings,4/11/20,9,0,10,0,4,0
Lake,4/11/20,3,0,0,0,0,0
Lassen,4/11/20,0,0,0,4,0,0
Los Angeles,4/11/20,8823,265,1362,905,555,135
Madera,4/11/20,29,2,0,5,0,2
Marin,4/11/20,136,10,2,27,1,3
Mariposa,4/11/20,0,0,0,0,0,0
Mendocino,4/11/20,4,0,0,1,0,1
Merced,4/11/20,59,3,0,2,0,1
Modoc,4/11/20,0,0,0,0,0,0
Mono,4/11/20,20,1,0,3,0,0
Monterey,4/11/20,78,3,18,17,5,2
Napa,4/11/20,29,2,0,0,0,0
Nevada,4/11/20,24,1,3,3,2,1
Orange,4/11/20,1267,21,144,109,44,20
Placer,4/11/20,113,7,20,19,7,4
Plumas,4/11/20,3,0,0,0,0,0
Riverside,4/11/20,1260,38,232,127,57,26
Sacramento,4/11/20,685,25,67,46,29,10
San Benito,4/11/20,33,2,2,2,0,0
San Bernardino,4/11/20,826,28,153,213,57,42
San Diego,4/11/20,1763,54,239,118,98,23
San Francisco,4/11/20,860,12,82,51,28,13
San Joaquin,4/11/20,244,15,23,14,14,5
San Luis Obispo,4/11/20,100,1,2,10,2,5
San Mateo,4/11/20,662,25,54,15,18,2
Santa Barbara,4/11/20,258,2,40,16,21,4
Santa Clara,4/11/20,1441,52,146,61,66,8
Santa Cruz,4/11/20,79,1,4,14,3,6
Shasta,4/11/20,24,3,5,3,2,0
Sierra,4/11/20,0,0,0,0,0,0
Siskiyou,4/11/20,5,0,0,0,0,0
Solano,4/11/20,138,2,13,16,9,4
Sonoma,4/11/20,131,2,3,19,1,4
Stanislaus,4/11/20,119,1,23,19,8,4
Sutter,4/11/20,18,2,0,0,0,0
Tehama,4/11/20,1,0,0,0,0,0
Trinity,4/11/20,0,0,0,0,0,0
Tulare,4/11/20,168,11,12,3,4,2
Tuolumne,4/11/20,0,0,0,2,0,0
Unassigned,4/11/20,2,0,0,0,0,0
Ventura,4/11/20,304,9,22,58,9,11
Yolo,4/11/20,67,2,3,4,1,0
Yuba,4/11/20,13,1,2,2,2,0
Alameda,4/12/20,774,26,91,101,42,21
Alpine,4/12/20,1,0,0,0,0,0
Amador,4/12/20,6,0,0,0,0,0
Butte,4/12/20,13,0,2,0,2,0
Calaveras,4/12/20,5,0,0,2,0,2
Colusa,4/12/20,3,0,0,0,0,0
Contra Costa,4/12/20,553,12,46,32,16,3
Del Norte,4/12/20,2,0,0,2,0,0
El Dorado,4/12/20,28,0,19,1,0,0
Fresno,4/12/20,205,4,23,46,11,4
Glenn,4/12/20,3,0,0,0,0,0
Humboldt,4/12/20,43,0,2,4,0,2
Imperial,4/12/20,78,3,18,13,8,1
Inyo,4/12/20,12,0,10,140,1,0
Kern,4/12/20,319,3,31,28,18,3
Kings,4/12/20,9,0,8,0,3,0
Lake,4/12/20,3,0,0,0,0,0
Lassen,4/12/20,0,0,0,4,0,0
Los Angeles,4/12/20,9133,296,1433,715,559,144
Madera,4/12/20,29,2,0,5,0,0
Marin,4/12/20,138,10,2,24,1,1
Mariposa,4/12/20,0,0,0,0,0,0
Mendocino,4/12/20,4,0,0,0,0,0
Merced,4/12/20,58,3,0,3,0,2
Modoc,4/12/20,0,0,0,0,0,0
Mono,4/12/20,20,1,0,3,0,0
Monterey,4/12/20,85,3,19,13,4,4
Napa,4/12/20,29,2,0,0,0,0
Nevada,4/12/20,24,1,3,1,2,2
Orange,4/12/20,1283,21,138,108,63,33
Placer,4/12/20,114,7,19,15,6,3
Plumas,4/12/20,3,0,0,0,0,0
Riverside,4/12/20,1330,39,245,142,69,26
Sacramento,4/12/20,689,25,69,46,28,9
San Benito,4/12/20,33,2,0,0,0,0
San Bernardino,4/12/20,827,30,157,172,63,36
San Diego,4/12/20,1806,55,244,108,99,19
San Francisco,4/12/20,886,12,92,44,30,7
San Joaquin,4/12/20,246,15,25,21,10,6
San Luis Obispo,4/12/20,102,1,2,8,2,4
San Mateo,4/12/20,664,25,46,31,16,2
Santa Barbara,4/12/20,261,2,42,7,21,1
Santa Clara,4/12/20,1461,53,145,51,66,8
Santa Cruz,4/12/20,80,1,4,15,3,6
Shasta,4/12/20,24,3,4,3,2,0
Sierra,4/12/20,0,0,0,0,0,0
Siskiyou,4/12/20,5,0,0,0,0,0
Solano,4/12/20,136,2,13,19,7,10
Sonoma,4/12/20,131,2,3,11,1,3
Stanislaus,4/12/20,117,1,19,19,8,3
Sutter,4/12/20,18,2,0,0,0,0
Tehama,4/12/20,1,0,0,3,0,0
Trinity,4/12/20,0,0,0,0,0,0
Tulare,4/12/20,166,11,15,4,6,1
Tuolumne,4/12/20,0,0,0,0,0,0
Unassigned,4/12/20,2,0,0,0,0,0
Ventura,4/12/20,306,9,21,65,8,8
Yolo,4/12/20,67,2,4,4,2,0
Yuba,4/12/20,13,1,1,0,1,0
Alameda,4/13/20,821,31,85,81,40,21
Alpine,4/13/20,1,0,0,0,0,0
Amador,4/13/20,6,0,0,0,0,0
Butte,4/13/20,13,0,1,8,1,7
Calaveras,4/13/20,5,0,0,1,0,1
Colusa,4/13/20,3,0,0,0,0,0
Contra Costa,4/13/20,581,13,44,44,16,5
Del Norte,4/13/20,2,0,0,1,0,1
El Dorado,4/13/20,30,0,19,1,0,1
Fresno,4/13/20,209,5,22,57,12,8
Glenn,4/13/20,3,0,0,0,0,0
Humboldt,4/13/20,44,0,2,8,0,1
Imperial,4/13/20,83,3,19,8,7,1
Inyo,4/13/20,12,0,10,150,1,2
Kern,4/13/20,379,3,39,32,18,1
Kings,4/13/20,10,0,0,1,0,1
Lake,4/13/20,3,0,0,2,0,1
Lassen,4/13/20,0,0,0,4,0,0
Los Angeles,4/13/20,9367,320,1501,793,570,150
Madera,4/13/20,29,2,0,4,0,1
Marin,4/13/20,144,10,2,20,2,1
Mariposa,4/13/20,0,0,0,3,0,0
Mendocino,4/13/20,4,0,7,1,3,0
Merced,4/13/20,60,3,0,4,0,1
Modoc,4/13/20,0,0,0,0,0,0
Mono,4/13/20,21,1,0,1,0,0
Monterey,4/13/20,89,3,22,19,4,2
Napa,4/13/20,30,2,0,1,0,0
Nevada,4/13/20,24,1,2,2,2,2
Orange,4/13/20,1313,21,149,81,54,17
Placer,4/13/20,116,7,18,9,5,3
Plumas,4/13/20,3,0,0,1,0,0
Riverside,4/13/20,1460,50,247,122,66,30
Sacramento,4/13/20,724,27,73,36,28,7
San Benito,4/13/20,33,2,1,1,0,0
San Bernardino,4/13/20,925,31,167,155,60,24
San Diego,4/13/20,1849,66,243,107,101,24
San Francisco,4/13/20,959,15,89,48,30,9
San Joaquin,4/13/20,259,17,26,16,12,8
San Luis Obispo,4/13/20,107,1,2,5,2,2
San Mateo,4/13/20,679,25,57,19,18,4
Santa Barbara,4/13/20,271,2,42,7,21,2
Santa Clara,4/13/20,1542,60,151,66,65,11
Santa Cruz,4/13/20,82,1,4,8,3,2
Shasta,4/13/20,24,3,3,0,2,0
Sierra,4/13/20,0,0,0,0,0,0
Siskiyou,4/13/20,5,0,0,2,0,2
Solano,4/13/20,137,2,13,13,7,5
Sonoma,4/13/20,133,2,3,14,1,3
Stanislaus,4/13/20,132,2,21,22,9,5
Sutter,4/13/20,18,2,0,0,0,0
Tehama,4/13/20,1,0,0,0,0,0
Trinity,4/13/20,0,0,0,0,0,0
Tulare,4/13/20,186,13,14,3,6,0
Tuolumne,4/13/20,0,0,0,0,0,0
Unassigned,4/13/20,2,0,0,0,0,0
Ventura,4/13/20,311,9,21,56,9,9
Yolo,4/13/20,81,2,4,0,2,0
Yuba,4/13/20,13,1,1,2,0,0
Alameda,4/14/20,843,37,92,106,34,21
Alpine,4/14/20,1,0,0,0,0,0
Amador,4/14/20,6,0,0,0,0,0
Butte,4/14/20,13,0,1,6,1,6
Calaveras,4/14/20,5,0,0,1,0,0
Colusa,4/14/20,3,0,0,0,0,0
Contra Costa,4/14/20,617,13,37,51,15,9
Del Norte,4/14/20,2,0,0,5,0,4
El Dorado,4/14/20,30,0,20,3,0,0
Fresno,4/14/20,244,5,24,45,12,8
Glenn,4/14/20,3,0,0,0,0,0
Humboldt,4/14/20,44,0,2,7,0,0
Imperial,4/14/20,86,3,19,14,6,3
Inyo,4/14/20,12,0,10,156,0,1
Kern,4/14/20,453,3,35,23,17,3
Kings,4/14/20,12,0,8,0,2,0
Lake,4/14/20,3,0,0,3,0,0
Lassen,4/14/20,0,0,0,6,0,0
Los Angeles,4/14/20,9948,360,1587,613,588,115
Madera,4/14/20,29,2,0,4,0,2
Marin,4/14/20,147,10,2,23,2,3
Mariposa,4/14/20,0,0,0,3,0,0
Mendocino,4/14/20,4,0,0,0,0,0
Merced,4/14/20,61,3,0,4,0,2
Modoc,4/14/20,0,0,0,1,0,0
Mono,4/14/20,22,1,0,1,0,0
Monterey,4/14/20,98,3,18,13,3,0
Napa,4/14/20,33,2,0,0,0,0
Nevada,4/14/20,34,1,3,4,2,1
Orange,4/14/20,1362,21,147,111,57,31
Placer,4/14/20,117,7,17,15,5,4
Plumas,4/14/20,3,0,0,1,0,0
Riverside,4/14/20,1467,54,235,117,64,36
Sacramento,4/14/20,737,28,70,46,24,8
San Benito,4/14/20,34,2,1,1,0,0
San Bernardino,4/14/20,933,31,166,149,59,43
San Diego,4/14/20,1932,67,243,109,101,22
San Francisco,4/14/20,968,15,87,53,28,5
San Joaquin,4/14/20,280,17,22,10,12,1
San Luis Obispo,4/14/20,109,1,3,15,2,6
San Mateo,4/14/20,681,25,55,12,19,4
Santa Barbara,4/14/20,292,2,42,8,19,1
Santa Clara,4/14/20,1561,66,144,47,66,5
Santa Cruz,4/14/20,84,1,4,4,3,0
Shasta,4/14/20,24,3,1,4,1,2
Sierra,4/14/20,0,0,0,0,0,0
Siskiyou,4/14/20,5,0,0,0,0,0
Solano,4/14/20,140,2,12,25,6,4
Sonoma,4/14/20,133,2,3,9,1,3
Stanislaus,4/14/20,136,4,18,25,9,7
Sutter,4/14/20,19,2,0,0,0,0
Tehama,4/14/20,1,0,0,0,0,0
Trinity,4/14/20,0,0,0,0,0,0
Tulare,4/14/20,228,13,15,5,6,0
Tuolumne,4/14/20,0,0,0,0,0,0
Unassigned,4/14/20,2,0,0,0,0,0
Ventura,4/14/20,328,10,24,35,9,7
Yolo,4/14/20,81,4,3,0,2,0
Yuba,4/14/20,14,1,1,1,0,1
Alameda,4/15/20,915,37,81,99,34,11
Alpine,4/15/20,1,0,0,0,0,0
Amador,4/15/20,7,0,0,0,0,0
Butte,4/15/20,14,0,1,5,0,2
Calaveras,4/15/20,9,0,0,0,0,0
Colusa,4/15/20,3,0,0,0,0,0
Contra Costa,4/15/20,645,14,38,41,16,8
Del Norte,4/15/20,2,0,0,0,0,1
El Dorado,4/15/20,33,0,0,5,0,1
Fresno,4/15/20,264,7,25,33,12,2
Glenn,4/15/20,3,0,0,0,0,0
Humboldt,4/15/20,47,0,2,5,0,0
Imperial,4/15/20,115,3,21,13,7,4
Inyo,4/15/20,12,0,15,163,0,0
Kern,4/15/20,500,3,40,12,16,1
Kings,4/15/20,12,1,8,0,2,0
Lake,4/15/20,4,0,3,3,0,2
Lassen,4/15/20,0,0,0,6,0,0
Los Angeles,4/15/20,10416,402,1624,632,600,139
Madera,4/15/20,30,2,1,6,0,1
Marin,4/15/20,162,10,4,10,2,4
Mariposa,4/15/20,0,0,0,4,0,0
Mendocino,4/15/20,4,0,0,0,0,0
Merced,4/15/20,74,3,0,0,0,0
Modoc,4/15/20,0,0,0,0,0,0
Mono,4/15/20,22,1,0,0,0,0
Monterey,4/15/20,106,3,20,11,4,1
Napa,4/15/20,34,2,0,0,0,0
Nevada,4/15/20,34,1,3,4,2,1
Orange,4/15/20,1377,22,156,103,73,27
Placer,4/15/20,123,7,13,11,2,4
Plumas,4/15/20,4,0,0,0,0,0
Riverside,4/15/20,1723,59,207,155,70,29
Sacramento,4/15/20,839,28,66,60,20,14
San Benito,4/15/20,34,2,1,0,0,0
San Bernardino,4/15/20,1063,37,149,109,65,39
San Diego,4/15/20,2014,67,236,112,98,23
San Francisco,4/15/20,1006,17,87,84,25,7
San Joaquin,4/15/20,329,17,21,21,10,3
San Luis Obispo,4/15/20,112,1,2,6,2,4
San Mateo,4/15/20,707,25,53,18,14,4
Santa Barbara,4/15/20,317,2,37,7,17,2
Santa Clara,4/15/20,1692,66,144,42,65,6
Santa Cruz,4/15/20,92,1,4,2,3,2
Shasta,4/15/20,25,3,1,1,1,0
Sierra,4/15/20,0,0,0,0,0,0
Siskiyou,4/15/20,5,0,2,0,0,2
Solano,4/15/20,153,2,9,14,6,4
Sonoma,4/15/20,140,2,3,13,1,7
Stanislaus,4/15/20,174,4,19,17,7,4
Sutter,4/15/20,19,2,0,0,0,0
Tehama,4/15/20,1,1,0,0,0,0
Trinity,4/15/20,0,0,0,0,0,0
Tulare,4/15/20,289,15,18,3,7,0
Tuolumne,4/15/20,1,0,0,0,0,0
Unassigned,4/15/20,2,0,0,0,0,0
Ventura,4/15/20,365,13,25,57,8,16
Yolo,4/15/20,93,7,2,1,2,0
Yuba,4/15/20,15,1,0,2,0,2
Alameda,4/16/20,981,44,73,82,31,9
Alpine,4/16/20,1,0,0,0,0,0
Amador,4/16/20,7,0,0,0,0,0
Butte,4/16/20,15,0,1,10,0,3
Calaveras,4/16/20,10,0,0,1,0,1
Colusa,4/16/20,3,0,0,1,0,1
Contra Costa,4/16/20,675,16,37,59,14,13
Del Norte,4/16/20,2,0,0,3,0,0
El Dorado,4/16/20,34,0,0,5,0,0
Fresno,4/16/20,289,7,33,33,12,4
Glenn,4/16/20,3,0,0,0,0,0
Humboldt,4/16/20,47,0,1,5,4,2
Imperial,4/16/20,132,3,21,7,9,1
Inyo,4/16/20,17,0,0,3,0,1
Kern,4/16/20,587,3,41,19,17,0
Kings,4/16/20,12,1,8,0,2,0
Lake,4/16/20,6,0,1,0,0,0
Lassen,4/16/20,0,0,0,5,0,0
Los Angeles,4/16/20,10786,455,1679,620,594,108
Madera,4/16/20,34,2,0,7,0,0
Marin,4/16/20,170,10,5,7,2,1
Mariposa,4/16/20,1,0,0,1,0,0
Mendocino,4/16/20,4,0,0,0,0,0
Merced,4/16/20,76,3,1,1,0,0
Modoc,4/16/20,0,0,0,2,0,0
Mono,4/16/20,22,1,0,0,0,0
Monterey,4/16/20,116,3,20,22,4,0
Napa,4/16/20,44,2,0,0,0,0
Nevada,4/16/20,34,1,3,3,2,2
Orange,4/16/20,1439,26,152,117,55,25
Placer,4/16/20,129,8,12,18,1,1
Plumas,4/16/20,4,0,0,0,0,0
Riverside,4/16/20,1913,65,216,150,72,34
Sacramento,4/16/20,865,32,64,54,25,13
San Benito,4/16/20,36,2,1,0,0,0
San Bernardino,4/16/20,1143,39,164,124,60,25
San Diego,4/16/20,2089,77,231,111,94,19
San Francisco,4/16/20,1039,17,84,35,31,9
San Joaquin,4/16/20,345,17,21,16,11,2
San Luis Obispo,4/16/20,113,1,3,11,3,0
San Mateo,4/16/20,745,25,54,18,13,3
Santa Barbara,4/16/20,331,2,37,4,16,0
Santa Clara,4/16/20,1789,69,134,48,69,8
Santa Cruz,4/16/20,90,2,4,3,3,1
Shasta,4/16/20,25,3,1,0,1,0
Sierra,4/16/20,0,0,0,0,0,0
Siskiyou,4/16/20,5,0,0,2,0,1
Solano,4/16/20,162,2,9,15,6,4
Sonoma,4/16/20,145,2,3,10,1,3
Stanislaus,4/16/20,185,4,18,19,6,3
Sutter,4/16/20,21,2,0,0,0,0
Tehama,4/16/20,1,1,0,1,0,0
Trinity,4/16/20,0,0,0,0,0,0
Tulare,4/16/20,305,17,22,5,8,1
Tuolumne,4/16/20,1,0,0,0,0,0
Unassigned,4/16/20,4,0,0,0,0,0
Ventura,4/16/20,384,13,24,52,7,10
Yolo,4/16/20,98,7,2,1,1,0
Yuba,4/16/20,14,1,0,2,0,2
Alameda,4/17/20,1043,44,85,91,35,18
Alpine,4/17/20,1,0,0,0,0,0
Amador,4/17/20,7,0,0,0,0,0
Butte,4/17/20,15,0,1,9,0,6
Calaveras,4/17/20,11,0,0,2,0,2
Colusa,4/17/20,3,0,0,1,0,1
Contra Costa,4/17/20,687,19,34,46,13,11
Del Norte,4/17/20,2,0,0,4,0,1
El Dorado,4/17/20,35,0,0,6,0,1
Fresno,4/17/20,315,7,31,29,12,2
Glenn,4/17/20,3,0,0,0,0,0
Humboldt,4/17/20,52,0,0,4,2,1
Imperial,4/17/20,135,3,19,15,10,2
Inyo,4/17/20,17,0,0,3,0,1
Kern,4/17/20,612,3,36,16,18,1
Kings,4/17/20,15,1,7,0,2,0
Lake,4/17/20,6,0,0,6,0,1
Lassen,4/17/20,0,0,0,5,0,0
Los Angeles,4/17/20,11354,495,1720,634,594,105
Madera,4/17/20,34,2,0,5,0,0
Marin,4/17/20,189,10,4,2,2,0
Mariposa,4/17/20,0,0,0,1,0,0
Mendocino,4/17/20,4,0,0,0,0,0
Merced,4/17/20,80,3,0,4,0,2
Modoc,4/17/20,0,0,0,1,0,0
Mono,4/17/20,22,1,0,0,0,0
Monterey,4/17/20,119,3,22,25,3,1
Napa,4/17/20,46,2,0,1,0,0
Nevada,4/17/20,34,1,2,4,1,3
Orange,4/17/20,1496,28,160,124,58,15
Placer,4/17/20,130,8,12,17,1,2
Plumas,4/17/20,4,0,0,1,0,0
Riverside,4/17/20,2080,73,215,144,69,23
Sacramento,4/17/20,882,32,63,46,24,18
San Benito,4/17/20,38,2,1,0,0,0
San Bernardino,4/17/20,1229,55,165,123,62,29
San Diego,4/17/20,2160,83,232,111,92,21
San Francisco,4/17/20,1090,20,79,36,28,8
San Joaquin,4/17/20,356,17,23,23,10,3
San Luis Obispo,4/17/20,116,1,3,11,3,2
San Mateo,4/17/20,768,28,51,16,16,1
Santa Barbara,4/17/20,349,3,36,6,16,0
Santa Clara,4/17/20,1834,73,140,60,71,11
Santa Cruz,4/17/20,94,2,2,3,1,2
Shasta,4/17/20,26,3,1,0,1,0
Sierra,4/17/20,0,0,0,0,0,0
Siskiyou,4/17/20,5,0,0,3,0,0
Solano,4/17/20,173,2,10,11,5,1
Sonoma,4/17/20,167,2,2,6,1,3
Stanislaus,4/17/20,201,4,15,17,7,2
Sutter,4/17/20,20,2,0,0,0,0
Tehama,4/17/20,1,1,0,0,0,0
Trinity,4/17/20,0,0,0,0,0,0
Tulare,4/17/20,370,17,23,5,7,1
Tuolumne,4/17/20,2,0,0,0,0,0
Unassigned,4/17/20,2,0,0,0,0,0
Ventura,4/17/20,398,13,23,33,8,11
Yolo,4/17/20,117,8,4,0,1,0
Yuba,4/17/20,14,1,0,5,0,4
Alameda,4/18/20,1085,44,82,73,36,16
Alpine,4/18/20,1,0,0,0,0,0
Amador,4/18/20,7,0,0,0,0,0
Butte,4/18/20,15,0,1,4,0,2
Calaveras,4/18/20,12,0,0,0,0,0
Colusa,4/18/20,3,0,0,0,0,0
Contra Costa,4/18/20,721,19,35,44,13,8
Del Norte,4/18/20,2,0,0,2,0,1
El Dorado,4/18/20,36,0,0,8,0,2
Fresno,4/18/20,319,7,32,35,13,2
Glenn,4/18/20,3,0,0,0,0,0
Humboldt,4/18/20,52,0,0,4,0,0
Imperial,4/18/20,137,3,21,12,9,4
Inyo,4/18/20,17,0,1,1,1,0
Kern,4/18/20,626,3,33,14,18,2
Kings,4/18/20,17,1,8,0,2,0
Lake,4/18/20,6,0,0,0,0,0
Lassen,4/18/20,0,0,0,1,0,0
Los Angeles,4/18/20,11984,576,1709,578,586,110
Madera,4/18/20,34,2,0,7,0,0
Marin,4/18/20,193,10,3,1,1,0
Mariposa,4/18/20,0,0,0,0,0,0
Mendocino,4/18/20,4,0,0,0,0,0
Merced,4/18/20,82,3,0,3,0,0
Modoc,4/18/20,0,0,0,1,0,0
Mono,4/18/20,22,1,0,0,0,0
Monterey,4/18/20,135,3,26,21,2,0
Napa,4/18/20,49,2,0,0,0,0
Nevada,4/18/20,34,1,4,5,1,4
Orange,4/18/20,1569,32,157,120,64,23
Placer,4/18/20,130,8,11,17,1,2
Plumas,4/18/20,4,0,0,1,0,0
Riverside,4/18/20,2257,78,223,118,71,19
Sacramento,4/18/20,901,33,65,46,22,17
San Benito,4/18/20,40,2,0,0,0,0
San Bernardino,4/18/20,1255,57,161,108,61,22
San Diego,4/18/20,2215,83,223,97,90,18
San Francisco,4/18/20,1144,20,74,29,27,7
San Joaquin,4/18/20,392,17,23,27,11,4
San Luis Obispo,4/18/20,129,1,3,12,3,2
San Mateo,4/18/20,821,28,49,12,16,0
Santa Barbara,4/18/20,372,4,31,9,15,4
Santa Clara,4/18/20,1862,73,137,52,67,13
Santa Cruz,4/18/20,96,2,2,2,1,1
Shasta,4/18/20,26,3,1,1,1,0
Sierra,4/18/20,0,0,0,0,0,0
Siskiyou,4/18/20,5,0,0,1,0,1
Solano,4/18/20,175,2,9,11,6,1
Sonoma,4/18/20,168,2,2,4,1,1
Stanislaus,4/18/20,216,4,14,23,5,1
Sutter,4/18/20,21,2,0,0,0,0
Tehama,4/18/20,1,1,0,0,0,0
Trinity,4/18/20,0,0,0,0,0,0
Tulare,4/18/20,385,17,27,0,9,0
Tuolumne,4/18/20,2,0,0,0,0,0
Unassigned,4/18/20,3,0,0,0,0,0
Ventura,4/18/20,416,13,25,28,9,5
Yolo,4/18/20,118,8,4,0,1,0
Yuba,4/18/20,14,1,0,3,0,2
Alameda,4/19/20,1134,44,84,63,37,5
Alpine,4/19/20,1,0,0,0,0,0
Amador,4/19/20,7,0,0,0,0,0
Butte,4/19/20,15,0,1,3,0,1
Calaveras,4/19/20,12,0,0,0,0,0
Colusa,4/19/20,3,0,1,0,0,0
Contra Costa,4/19/20,731,20,34,40,14,7
Del Norte,4/19/20,2,0,0,0,0,0
El Dorado,4/19/20,36,0,0,11,0,3
Fresno,4/19/20,326,7,32,35,14,2
Glenn,4/19/20,3,0,0,0,0,0
Humboldt,4/19/20,53,0,0,3,0,0
Imperial,4/19/20,144,3,25,8,11,2
Inyo,4/19/20,17,0,1,0,1,0
Kern,4/19/20,629,3,34,20,18,2
Kings,4/19/20,17,1,8,0,3,0
Lake,4/19/20,6,0,0,2,0,0
Lassen,4/19/20,0,0,0,1,0,0
Los Angeles,4/19/20,12299,600,1739,549,595,115
Madera,4/19/20,34,2,0,7,0,0
Marin,4/19/20,194,10,3,7,1,3
Mariposa,4/19/20,0,0,0,0,0,0
Mendocino,4/19/20,4,0,0,0,0,0
Merced,4/19/20,85,3,0,2,0,1
Modoc,4/19/20,0,0,0,0,0,0
Mono,4/19/20,23,1,0,0,0,0
Monterey,4/19/20,140,4,25,6,2,0
Napa,4/19/20,49,2,0,3,0,0
Nevada,4/19/20,34,1,1,4,1,4
Orange,4/19/20,1591,32,162,130,73,24
Placer,4/19/20,131,8,11,12,1,5
Plumas,4/19/20,4,0,0,0,0,0
Riverside,4/19/20,2316,83,236,113,76,22
Sacramento,4/19/20,912,34,65,39,22,11
San Benito,4/19/20,40,2,0,0,0,0
San Bernardino,4/19/20,1262,58,158,97,62,17
San Diego,4/19/20,2270,83,226,94,92,26
San Francisco,4/19/20,1153,20,73,34,27,10
San Joaquin,4/19/20,404,17,23,16,12,2
San Luis Obispo,4/19/20,132,1,2,7,2,1
San Mateo,4/19/20,845,31,53,6,18,0
Santa Barbara,4/19/20,377,4,29,7,16,1
Santa Clara,4/19/20,1878,79,143,32,67,5
Santa Cruz,4/19/20,98,2,2,3,1,0
Shasta,4/19/20,26,3,1,0,1,0
Sierra,4/19/20,0,0,0,0,0,0
Siskiyou,4/19/20,5,0,0,1,0,1
Solano,4/19/20,174,2,11,10,6,3
Sonoma,4/19/20,172,2,2,8,0,2
Stanislaus,4/19/20,221,4,13,16,5,3
Sutter,4/19/20,21,2,0,0,0,0
Tehama,4/19/20,1,1,0,0,0,0
Trinity,4/19/20,0,0,0,0,0,0
Tulare,4/19/20,391,17,27,0,9,0
Tuolumne,4/19/20,2,0,0,0,0,0
Unassigned,4/19/20,1,0,0,0,0,0
Ventura,4/19/20,418,13,26,26,9,4
Yolo,4/19/20,120,8,6,0,0,0
Yuba,4/19/20,15,1,0,2,0,2
Alameda,4/20/20,1181,50,85,52,38,4
Alpine,4/20/20,1,0,0,0,0,0
Amador,4/20/20,7,0,0,0,0,0
Butte,4/20/20,15,0,1,2,0,1
Calaveras,4/20/20,12,0,0,1,0,0
Colusa,4/20/20,3,0,1,0,0,0
Contra Costa,4/20/20,753,22,37,28,13,8
Del Norte,4/20/20,2,0,0,2,0,1
El Dorado,4/20/20,36,0,0,4,0,0
Fresno,4/20/20,356,7,35,30,15,1
Glenn,4/20/20,3,0,0,0,0,0
Humboldt,4/20/20,53,0,0,6,0,0
Imperial,4/20/20,149,3,25,9,11,2
Inyo,4/20/20,17,0,1,0,1,0
Kern,4/20/20,651,3,34,11,13,1
Kings,4/20/20,19,1,8,0,3,0
Lake,4/20/20,6,0,0,2,0,1
Lassen,4/20/20,0,0,0,1,0,0
Los Angeles,4/20/20,13787,617,1791,602,625,93
Madera,4/20/20,35,2,0,6,0,0
Marin,4/20/20,200,10,6,4,2,1
Mariposa,4/20/20,0,0,0,1,0,0
Mendocino,4/20/20,5,0,0,0,0,0
Merced,4/20/20,88,3,0,1,0,1
Modoc,4/20/20,0,0,0,0,0,0
Mono,4/20/20,23,1,0,0,0,0
Monterey,4/20/20,147,4,24,7,2,1
Napa,4/20/20,55,2,1,2,1,0
Nevada,4/20/20,34,1,1,5,1,2
Orange,4/20/20,1679,33,172,102,73,21
Placer,4/20/20,132,8,8,7,2,1
Plumas,4/20/20,4,0,0,0,0,0
Riverside,4/20/20,2477,89,240,145,72,29
Sacramento,4/20/20,924,34,69,32,33,8
San Benito,4/20/20,43,2,0,0,0,0
San Bernardino,4/20/20,1344,60,152,200,60,28
San Diego,4/20/20,2327,102,238,76,95,13
San Francisco,4/20/20,1223,20,79,27,27,7
San Joaquin,4/20/20,422,17,30,23,16,4
San Luis Obispo,4/20/20,132,1,2,3,2,0
San Mateo,4/20/20,890,31,56,16,18,4
Santa Barbara,4/20/20,388,4,30,9,20,2
Santa Clara,4/20/20,1920,83,149,42,68,8
Santa Cruz,4/20/20,102,2,3,1,1,0
Shasta,4/20/20,26,3,1,0,1,0
Sierra,4/20/20,0,0,0,0,0,0
Siskiyou,4/20/20,5,0,0,1,0,1
Solano,4/20/20,185,2,10,11,6,3
Sonoma,4/20/20,178,2,2,12,0,6
Stanislaus,4/20/20,228,4,13,18,5,6
Sutter,4/20/20,22,2,0,0,0,0
Tehama,4/20/20,1,1,0,0,0,0
Trinity,4/20/20,0,0,0,0,0,0
Tulare,4/20/20,401,18,27,0,9,0
Tuolumne,4/20/20,2,0,0,0,0,0
Unassigned,4/20/20,2,0,0,0,0,0
Ventura,4/20/20,426,13,29,18,8,2
Yolo,4/20/20,125,10,5,1,0,0
Yuba,4/20/20,15,1,0,1,0,1
Alameda,4/21/20,1234,51,85,59,41,9
Alpine,4/21/20,1,0,0,0,0,0
Amador,4/21/20,7,0,0,0,0,0
Butte,4/21/20,15,0,0,1,0,1
Calaveras,4/21/20,12,0,0,0,0,0
Colusa,4/21/20,3,0,1,0,1,0
Contra Costa,4/21/20,766,22,33,44,13,11
Del Norte,4/21/20,2,0,0,1,0,0
El Dorado,4/21/20,36,0,0,3,0,0
Fresno,4/21/20,372,7,35,35,15,3
Glenn,4/21/20,3,0,0,0,0,0
Humboldt,4/21/20,53,0,0,5,0,0
Imperial,4/21/20,165,5,23,12,12,0
Inyo,4/21/20,18,0,1,0,1,0
Kern,4/21/20,676,4,31,12,13,1
Kings,4/21/20,28,1,8,0,3,0
Lake,4/21/20,6,0,0,2,0,0
Lassen,4/21/20,0,0,0,1,0,0
Los Angeles,4/21/20,15096,663,1854,617,613,111
Madera,4/21/20,37,2,0,5,0,0
Marin,4/21/20,202,10,5,4,2,1
Mariposa,4/21/20,0,0,0,1,0,0
Mendocino,4/21/20,5,0,0,1,0,0
Merced,4/21/20,89,3,0,3,0,2
Modoc,4/21/20,0,0,0,1,0,0
Mono,4/21/20,23,1,0,0,0,0
Monterey,4/21/20,151,4,7,4,2,1
Napa,4/21/20,58,2,1,1,1,0
Nevada,4/21/20,36,1,1,4,1,2
Orange,4/21/20,1717,33,179,129,77,27
Placer,4/21/20,133,8,4,18,2,2
Plumas,4/21/20,4,0,0,0,0,0
Riverside,4/21/20,2631,96,250,120,81,32
Sacramento,4/21/20,941,35,54,39,21,8
San Benito,4/21/20,43,2,1,0,0,0
San Bernardino,4/21/20,1499,67,153,204,51,36
San Diego,4/21/20,2436,109,221,84,98,21
San Francisco,4/21/20,1232,20,76,45,25,9
San Joaquin,4/21/20,447,20,27,24,16,5
San Luis Obispo,4/21/20,134,1,1,5,1,3
San Mateo,4/21/20,933,31,53,14,19,2
Santa Barbara,4/21/20,414,5,26,8,13,5
Santa Clara,4/21/20,1943,88,144,34,70,16
Santa Cruz,4/21/20,104,2,3,2,1,0
Shasta,4/21/20,26,3,1,0,1,0
Sierra,4/21/20,0,0,0,0,0,0
Siskiyou,4/21/20,5,0,0,1,0,1
Solano,4/21/20,193,3,6,17,2,0
Sonoma,4/21/20,182,2,2,17,0,6
Stanislaus,4/21/20,235,4,11,20,4,7
Sutter,4/21/20,22,2,0,0,0,0
Tehama,4/21/20,1,1,0,0,0,0
Trinity,4/21/20,0,0,0,0,0,0
Tulare,4/21/20,410,22,27,0,9,0
Tuolumne,4/21/20,2,0,0,0,0,0
Unassigned,4/21/20,2,0,0,0,0,0
Ventura,4/21/20,455,13,28,28,9,10
Yolo,4/21/20,143,10,5,2,1,0
Yuba,4/21/20,15,1,0,0,0,0
